{"cm_results": [{"pre_trained_model": "MobileNetV2", "labels": ["ID01", "ID02", "ID03", "ID04", "ID05", "ID06", "ID07"], "cm_info": [{"subject": "All", "folds": [[[4, 0, 0, 0, 0, 0, 0], [0, 2, 0, 0, 1, 0, 0], [0, 0, 2, 0, 0, 0, 0], [0, 0, 0, 4, 0, 0, 0], [0, 0, 0, 0, 4, 0, 0], [0, 0, 0, 0, 0, 4, 0], [0, 0, 0, 0, 0, 0, 4]], [[4, 0, 0, 0, 0, 0, 0], [0, 3, 0, 0, 0, 0, 0], [0, 0, 2, 0, 0, 0, 0], [0, 0, 0, 2, 1, 0, 0], [1, 0, 0, 0, 4, 0, 0], [0, 0, 0, 0, 0, 4, 0], [0, 0, 0, 0, 0, 0, 4]], [[4, 0, 0, 0, 0, 0, 0], [0, 2, 0, 0, 0, 0, 0], [0, 0, 2, 0, 0, 1, 0], [0, 0, 0, 3, 0, 0, 0], [0, 0, 0, 0, 5, 0, 0], [0, 0, 0, 1, 0, 3, 0], [0, 0, 0, 1, 0, 0, 3]], [[4, 0, 0, 0, 0, 0, 0], [0, 2, 0, 0, 0, 0, 0], [0, 0, 3, 0, 0, 0, 0], [1, 0, 0, 2, 0, 0, 0], [0, 1, 0, 0, 3, 0, 0], [0, 0, 0, 0, 0, 5, 0], [0, 0, 0, 0, 0, 0, 4]], [[4, 0, 0, 0, 0, 0, 0], [0, 2, 0, 0, 0, 0, 0], [0, 0, 2, 0, 0, 0, 1], [0, 0, 0, 3, 0, 0, 0], [0, 0, 0, 0, 4, 0, 0], [0, 0, 0, 1, 0, 3, 0], [0, 0, 0, 1, 0, 0, 4]], [[3, 0, 0, 0, 0, 0, 0], [0, 3, 0, 0, 0, 0, 0], [0, 0, 3, 0, 0, 0, 0], [0, 0, 0, 3, 0, 0, 0], [1, 0, 0, 0, 3, 0, 0], [0, 0, 0, 0, 0, 4, 0], [0, 0, 0, 0, 1, 0, 4]], [[3, 0, 0, 0, 0, 0, 0], [0, 2, 0, 0, 0, 1, 0], [0, 0, 3, 0, 0, 0, 0], [0, 0, 0, 3, 0, 0, 0], [0, 0, 0, 0, 3, 1, 0], [0, 0, 0, 0, 0, 4, 0], [0, 0, 0, 0, 0, 1, 4]], [[3, 0, 0, 0, 0, 0, 0], [0, 3, 0, 0, 0, 0, 0], [0, 0, 1, 0, 0, 1, 0], [2, 0, 0, 2, 0, 0, 0], [0, 0, 0, 0, 3, 1, 0], [0, 0, 0, 0, 0, 4, 0], [0, 1, 0, 0, 0, 1, 3]], [[1, 0, 0, 0, 2, 0, 0], [0, 2, 0, 0, 0, 0, 1], [0, 0, 2, 0, 0, 0, 0], [0, 1, 0, 3, 0, 0, 0], [0, 0, 0, 0, 3, 0, 1], [0, 0, 0, 0, 1, 2, 1], [0, 0, 0, 0, 0, 0, 4]], [[3, 0, 0, 0, 0, 0, 0], [0, 3, 0, 0, 0, 0, 0], [0, 0, 2, 0, 0, 0, 0], [0, 0, 0, 2, 0, 0, 2], [0, 0, 0, 0, 4, 0, 0], [0, 1, 0, 0, 0, 3, 0], [0, 0, 0, 0, 0, 0, 4]]]}]}]}