{"cm_results": [{"pre_trained_model": "MobileNetV2", "labels": ["ID01", "ID02", "ID03", "ID04", "ID05", "ID06", "ID07"], "cm_info": [{"subject": "All", "folds": [[[6, 0, 0, 1, 4, 0, 0], [1, 5, 1, 1, 0, 0, 0], [0, 0, 3, 1, 0, 2, 3], [0, 0, 0, 9, 0, 0, 0], [0, 1, 0, 0, 11, 0, 0], [1, 2, 1, 0, 0, 6, 0], [0, 1, 0, 0, 1, 1, 8]], [[11, 0, 0, 0, 0, 0, 0], [0, 7, 0, 0, 0, 1, 0], [0, 0, 7, 0, 0, 0, 2], [0, 0, 0, 9, 0, 0, 0], [2, 0, 0, 2, 7, 0, 1], [0, 0, 0, 1, 0, 9, 0], [0, 0, 0, 0, 0, 0, 10]], [[10, 0, 0, 0, 0, 0, 0], [0, 8, 0, 0, 0, 0, 1], [0, 0, 7, 1, 1, 0, 0], [1, 0, 0, 8, 0, 0, 0], [1, 0, 0, 1, 9, 0, 1], [0, 0, 0, 1, 0, 8, 1], [2, 0, 0, 1, 0, 0, 7]], [[10, 0, 0, 0, 0, 0, 0], [0, 7, 0, 0, 0, 1, 1], [0, 1, 6, 0, 1, 1, 0], [0, 0, 0, 8, 0, 0, 1], [1, 0, 0, 1, 9, 0, 1], [0, 0, 0, 2, 1, 7, 0], [0, 0, 0, 0, 0, 0, 10]], [[9, 1, 0, 0, 0, 0, 0], [0, 6, 1, 1, 1, 0, 0], [0, 0, 9, 0, 0, 0, 0], [0, 1, 0, 7, 0, 1, 0], [0, 0, 1, 0, 10, 0, 1], [0, 2, 0, 2, 1, 5, 0], [0, 0, 0, 0, 0, 2, 8]], [[8, 0, 0, 0, 0, 0, 2], [0, 7, 0, 0, 1, 1, 0], [0, 0, 6, 0, 2, 0, 0], [0, 0, 0, 8, 0, 0, 2], [1, 0, 0, 0, 8, 2, 1], [0, 0, 0, 0, 0, 9, 0], [1, 0, 0, 0, 1, 0, 9]], [[9, 0, 0, 0, 0, 0, 1], [0, 7, 0, 1, 0, 0, 0], [0, 0, 6, 0, 2, 1, 0], [0, 0, 0, 10, 0, 0, 0], [0, 0, 0, 0, 10, 0, 1], [0, 0, 0, 1, 0, 9, 0], [1, 0, 1, 0, 1, 0, 8]], [[7, 0, 0, 0, 1, 1, 1], [0, 6, 0, 1, 0, 1, 0], [0, 0, 7, 0, 1, 0, 1], [0, 0, 0, 4, 4, 1, 1], [1, 0, 0, 0, 9, 0, 1], [0, 0, 0, 0, 2, 6, 2], [0, 0, 0, 1, 3, 0, 7]], [[8, 0, 0, 0, 1, 0, 1], [1, 5, 0, 1, 1, 0, 0], [0, 0, 9, 0, 0, 0, 0], [1, 2, 0, 6, 0, 0, 0], [1, 0, 1, 0, 9, 0, 1], [0, 0, 1, 1, 0, 6, 2], [0, 0, 0, 1, 1, 0, 9]], [[7, 0, 0, 1, 0, 0, 2], [0, 6, 0, 2, 0, 0, 0], [0, 0, 8, 0, 0, 0, 1], [0, 0, 0, 8, 0, 1, 0], [0, 0, 0, 0, 11, 0, 1], [0, 0, 1, 1, 0, 6, 2], [2, 0, 0, 0, 0, 2, 7]]]}]}]}